Rank,name,Strategy,Asset,Timeframe,Initial_Capital_USD,Final_Capital_USD,Net_Profit_USD,ROI_per_annum,ROI_Percent,Total_Trades,Winning_Trades,Losing_Trades,Win_Rate_Percent,Profit_Factor,Sharpe_Ratio,Avg_Trade_Percent,Gross_DD_Percent,Net_DD_Percent,Capital_At_Net_DD,Performance_Grade,Deployment_Status,Score,Data_Source,Time_Period,Time_Start,Time_End,Fees_Exchange,Candle_Period,Parameters
1,VWAP_Momentum_Pro,"VWAP, EMA_Cross, MACD_Cross, Volume_Spike",SOLUSDT,4h,10000,188483.85,178483.85,68.87,1784.84,670,202,468,30.15,1.07,2.75,0.851,63.26,50.59,4940.82,B,Active,733.67,Binance Spot,2020-08-11 to 2026-03-20,2020-08-11,2026-03-20,0.1%,4h,"SL=3.0%, TP=10.0%, TS=2.5%"
2,EMA_Break_Momentum,"EMA_Cross, Breakout_20, MACD_Cross, ADX_Trend",BNBUSDT,4h,10000,227719.99,217719.99,65.32,2177.2,413,133,280,32.2,1.26,3.15,1.14,50.16,1.54,9846.04,B,Active,893.18,Binance Spot,2019-12-31 to 2026-03-20,2019-12-31,2026-03-20,0.1%,4h,"SL=2.0%, TP=15.0%, TS=2.5%"
3,MACD_Breakout,"MACD_Cross, Breakout_20, Volume_Spike, ADX_Trend",BNBUSDT,4h,10000,207871.84,197871.84,62.91,1978.72,430,174,256,40.47,1.42,3.51,1.004,42.16,21.31,7868.73,B,Active,819.35,Binance Spot,2019-12-31 to 2026-03-20,2019-12-31,2026-03-20,0.1%,4h,"SL=4.0%, TP=15.0%, TS=1.5%"
4,Volume_Stochastic_MACD_ADX,"Volume_Spike, Stochastic, MACD_Cross, ADX_Trend, Trend_MA50, Supertrend",ETHUSDT,4h,10000,162420.76,152420.76,56.57,1524.21,226,59,167,26.11,1.26,3.01,1.746,44.08,2.04,9795.91,B,Active,631.28,Binance Spot,2019-12-31 to 2026-03-20,2019-12-31,2026-03-20,0.1%,4h,"SL=4.0%, TP=15.0%, TS=2.0%"
5,ADX_Volume_Break,"ADX_Trend, Volume_Spike, Breakout_20, EMA_Cross",BNBUSDT,4h,10000,155974.69,145974.69,55.55,1459.75,568,144,424,25.35,1.23,2.9,0.8026,55.84,3.06,9694.41,B,Active,603.85,Binance Spot,2019-12-31 to 2026-03-20,2019-12-31,2026-03-20,0.1%,4h,"SL=2.5%, TP=15.0%, TS=1.0%"
6,Breakout_Cluster,"Breakout_20, Volume_Spike, EMA_Cross, MACD_Cross",ADAUSDT,4h,10000,143748.79,133748.79,53.53,1337.49,364,92,272,25.27,1.21,2.82,1.1327,41.75,0.12,9987.63,B,Active,556.35,Binance Spot,2019-12-31 to 2026-03-20,2019-12-31,2026-03-20,0.1%,4h,"SL=2.5%, TP=15.0%, TS=1.5%"
7,Volume_EMA_Stochastic_ADX,"Volume_Spike, EMA_Cross, Stochastic, ADX_Trend, Trend_MA50",SOLUSDT,4h,10000,109424.59,99424.59,53.25,994.25,646,122,524,18.89,1.15,2.45,0.7602,67.84,47.38,5261.96,B,Active,414.86,Binance Spot,2020-08-11 to 2026-03-20,2020-08-11,2026-03-20,0.1%,4h,"SL=1.0%, TP=15.0%, TS=1.0%"
8,High_Profit_Trade,"EMA_Cross, MACD_Cross, ADX_Trend, Supertrend, VWAP, Trend_MA50",ETHUSDT,4h,10000,141718.94,131718.94,53.17,1317.19,299,83,216,27.76,1.12,2.62,1.4378,66.69,0.9,9910.32,B,Active,546.43,Binance Spot,2019-12-31 to 2026-03-20,2019-12-31,2026-03-20,0.1%,4h,"SL=4.0%, TP=15.0%, TS=3.0%"
9,Aggressive_Entry,"Breakout_20, Volume_Spike, MACD_Cross, ADX_Trend",LINKUSDT,4h,10000,140373.85,130373.85,52.94,1303.74,562,144,418,25.62,1.25,2.99,0.7556,40.38,1.04,9895.92,B,Active,543.61,Binance Spot,2019-12-31 to 2026-03-20,2019-12-31,2026-03-20,0.1%,4h,"SL=4.0%, TP=15.0%, TS=0.5%"
10,MACD_Trend_Strength,"MACD_Cross, Trend_MA50, ADX_Trend, EMA_Cross, Volume_Spike",BNBUSDT,4h,10000,139726.35,129726.35,52.83,1297.26,400,137,263,34.25,1.19,2.92,1.0173,57.22,1.54,9846.04,B,Active,541.1,Binance Spot,2019-12-31 to 2026-03-20,2019-12-31,2026-03-20,0.1%,4h,"SL=3.0%, TP=10.0%, TS=2.5%"
11,Volume_Stochastic_MACD_ADX,"Volume_Spike, Stochastic, MACD_Cross, ADX_Trend, Trend_MA50, Supertrend",SOLUSDT,4h,10000,102943.4,92943.4,51.59,929.43,300,70,230,23.33,1.23,2.43,1.2978,56.34,56.34,4365.61,B,Active,391.1,Binance Spot,2020-08-11 to 2026-03-20,2020-08-11,2026-03-20,0.1%,4h,"SL=4.0%, TP=15.0%, TS=2.0%"
12,Breakout_Cluster,"Breakout_20, Volume_Spike, EMA_Cross, MACD_Cross",SOLUSDT,4h,10000,93584.75,83584.75,49.04,835.85,350,91,259,26.0,1.22,2.43,1.0705,54.43,29.92,7008.31,B,Active,354.31,Binance Spot,2020-08-11 to 2026-03-20,2020-08-11,2026-03-20,0.1%,4h,"SL=2.5%, TP=15.0%, TS=1.5%"
13,MACD_Trend_Strength,"MACD_Cross, Trend_MA50, ADX_Trend, EMA_Cross, Volume_Spike",SOLUSDT,4h,10000,93052.13,83052.13,48.89,830.52,580,171,409,29.48,1.07,2.41,0.781,61.33,53.73,4627.07,B,Active,351.78,Binance Spot,2020-08-11 to 2026-03-20,2020-08-11,2026-03-20,0.1%,4h,"SL=3.0%, TP=10.0%, TS=2.5%"
14,Aggressive_Growth,"EMA_Cross, MACD_Cross, Volume_Spike, Breakout_20, ADX_Trend, VWAP",SOLUSDT,4h,10000,91505.17,81505.17,48.44,815.05,690,168,522,24.35,1.09,2.48,0.6567,65.21,56.47,4353.41,B,Active,344.23,Binance Spot,2020-08-11 to 2026-03-20,2020-08-11,2026-03-20,0.1%,4h,"SL=2.0%, TP=10.0%, TS=1.5%"
15,Aggressive_Entry,"Breakout_20, Volume_Spike, MACD_Cross, ADX_Trend",ETHUSDT,4h,10000,115836.6,105836.6,48.29,1058.37,507,147,360,28.99,1.33,3.18,0.729,32.05,1.83,9817.21,B,Active,448.91,Binance Spot,2019-12-31 to 2026-03-20,2019-12-31,2026-03-20,0.1%,4h,"SL=4.0%, TP=15.0%, TS=0.5%"
16,Breakout_VWAP,"Breakout_20, VWAP, Volume_Spike, MACD_Cross",BNBUSDT,4h,10000,113023.31,103023.31,47.7,1030.23,325,64,261,19.69,1.3,2.64,1.1712,55.2,1.25,9874.52,B,Active,430.95,Binance Spot,2019-12-31 to 2026-03-20,2019-12-31,2026-03-20,0.1%,4h,"SL=1.5%, TP=15.0%, TS=2.5%"
17,Volume_Trend_ADX,"Volume_Spike, Trend_MA50, ADX_Trend, EMA_Cross, MACD_Cross",BNBUSDT,4h,10000,112725.25,102725.25,47.64,1027.25,332,104,228,31.33,1.18,2.62,1.1624,57.22,1.54,9846.04,B,Active,432.07,Binance Spot,2019-12-31 to 2026-03-20,2019-12-31,2026-03-20,0.1%,4h,"SL=3.0%, TP=15.0%, TS=2.5%"
18,Stochastic_Trend_MACD,"Stochastic, Trend_MA50, MACD_Cross, EMA_Cross, ADX_Trend",ETHUSDT,4h,10000,112724.04,102724.04,47.64,1027.24,531,122,409,22.98,1.15,3.01,0.718,43.36,0.9,9910.32,B,Active,430.6,Binance Spot,2019-12-31 to 2026-03-20,2019-12-31,2026-03-20,0.1%,4h,"SL=2.5%, TP=10.0%, TS=1.0%"
19,MACD_Breakout,"MACD_Cross, Breakout_20, Volume_Spike, ADX_Trend",ETHUSDT,4h,10000,112276.7,102276.7,47.54,1022.77,450,166,284,36.89,1.22,2.93,0.8295,43.02,1.8,9819.73,B,Active,433.73,Binance Spot,2019-12-31 to 2026-03-20,2019-12-31,2026-03-20,0.1%,4h,"SL=4.0%, TP=15.0%, TS=1.5%"
20,Ultimate_Entry,"EMA_Cross, MACD_Cross, RSI_Oversold, Supertrend, ADX_Trend, VWAP, Trend_MA50, Volume_Spike",AVAXUSDT,4h,10000,82091.14,72091.14,46.74,720.91,562,210,352,37.37,1.09,2.59,0.6637,56.45,10.59,8941.23,B,Active,310.48,Binance Spot,2020-09-22 to 2026-03-20,2020-09-22,2026-03-20,0.1%,4h,"SL=2.0%, TP=5.0%, TS=2.5%"
21,VWAP_Momentum_Pro,"VWAP, EMA_Cross, MACD_Cross, Volume_Spike",ETHUSDT,4h,10000,103668.18,93668.18,45.66,936.68,514,158,356,30.74,1.07,2.57,0.8161,61.58,0.9,9910.32,B,Active,394.56,Binance Spot,2019-12-31 to 2026-03-20,2019-12-31,2026-03-20,0.1%,4h,"SL=3.0%, TP=10.0%, TS=2.5%"
22,Volume_Stochastic_MACD_ADX,"Volume_Spike, Stochastic, MACD_Cross, ADX_Trend, Trend_MA50, Supertrend",BNBUSDT,4h,10000,101325.14,91325.14,45.13,913.25,201,50,151,24.88,1.5,2.68,1.6633,39.92,0.0,10000.0,B,Active,389.8,Binance Spot,2019-12-31 to 2026-03-20,2019-12-31,2026-03-20,0.1%,4h,"SL=4.0%, TP=15.0%, TS=2.0%"
23,Aggressive_Entry,"Breakout_20, Volume_Spike, MACD_Cross, ADX_Trend",BNBUSDT,4h,10000,101299.48,91299.48,45.12,912.99,504,146,358,28.97,1.3,3.18,0.69,44.14,3.3,9669.85,B,Active,388.01,Binance Spot,2019-12-31 to 2026-03-20,2019-12-31,2026-03-20,0.1%,4h,"SL=4.0%, TP=15.0%, TS=0.5%"
24,Ultimate_Entry,"EMA_Cross, MACD_Cross, RSI_Oversold, Supertrend, ADX_Trend, VWAP, Trend_MA50, Volume_Spike",BNBUSDT,4h,10000,100717.03,90717.03,44.99,907.17,634,254,380,40.06,1.18,2.96,0.6097,60.21,5.69,9430.85,B,Active,386.66,Binance Spot,2019-12-31 to 2026-03-20,2019-12-31,2026-03-20,0.1%,4h,"SL=2.0%, TP=5.0%, TS=2.5%"
25,Breakout_Volume_Pro,"Breakout_20, Volume_Spike, EMA_Cross",BNBUSDT,4h,10000,100535.63,90535.63,44.95,905.36,735,249,486,33.88,1.16,2.79,0.5645,54.44,1.54,9846.04,B,Active,383.95,Binance Spot,2019-12-31 to 2026-03-20,2019-12-31,2026-03-20,0.1%,4h,"SL=3.0%, TP=15.0%, TS=1.5%"
26,EMA_Breakout_Pro,"EMA_Cross, Breakout_20, Volume_Spike",BNBUSDT,4h,10000,100535.63,90535.63,44.95,905.36,735,249,486,33.88,1.16,2.79,0.5645,54.44,1.54,9846.04,B,Active,383.95,Binance Spot,2019-12-31 to 2026-03-20,2019-12-31,2026-03-20,0.1%,4h,"SL=5.0%, TP=15.0%, TS=1.5%"
27,Stochastic_Trend_MACD,"Stochastic, Trend_MA50, MACD_Cross, EMA_Cross, ADX_Trend",XRPUSDT,4h,10000,98453.09,88453.09,44.46,884.53,635,138,497,21.73,1.07,2.62,0.6577,64.63,0.55,9945.49,B,Active,371.02,Binance Spot,2019-12-31 to 2026-03-20,2019-12-31,2026-03-20,0.1%,4h,"SL=2.5%, TP=10.0%, TS=1.0%"
28,Breakout_Hunter,"Breakout_20, Volume_Spike, MACD_Cross, Supertrend",ETHUSDT,4h,10000,96641.9,86641.9,44.03,866.42,421,72,349,17.1,1.16,2.53,0.9082,58.03,0.0,10000.0,B,Active,363.31,Binance Spot,2019-12-31 to 2026-03-20,2019-12-31,2026-03-20,0.1%,4h,"SL=4.0%, TP=15.0%, TS=1.0%"
29,Breakout_Thermo,"Breakout_20, Volume_Spike, ADX_Trend, Trend_MA50",LINKUSDT,4h,10000,95164.02,85164.02,43.67,851.64,769,161,608,20.94,1.08,2.47,0.6293,57.28,4.23,9577.04,B,Active,357.69,Binance Spot,2019-12-31 to 2026-03-20,2019-12-31,2026-03-20,0.1%,4h,"SL=1.0%, TP=15.0%, TS=3.0%"
30,ADX_Volume_Break,"ADX_Trend, Volume_Spike, Breakout_20, EMA_Cross",LINKUSDT,4h,10000,94944.1,84944.1,43.62,849.44,764,154,610,20.16,1.06,2.46,0.6367,57.82,1.67,9833.02,B,Active,356.45,Binance Spot,2019-12-31 to 2026-03-20,2019-12-31,2026-03-20,0.1%,4h,"SL=2.5%, TP=15.0%, TS=1.0%"
31,Breakout_Cluster,"Breakout_20, Volume_Spike, EMA_Cross, MACD_Cross",ETHUSDT,4h,10000,94503.73,84503.73,43.51,845.04,326,95,231,29.14,1.19,2.83,1.0122,43.83,1.86,9813.92,B,Active,359.85,Binance Spot,2019-12-31 to 2026-03-20,2019-12-31,2026-03-20,0.1%,4h,"SL=2.5%, TP=15.0%, TS=1.5%"
32,Breakout_Volume_Pro,"Breakout_20, Volume_Spike, EMA_Cross",SOLUSDT,4h,10000,71701.08,61701.08,42.12,617.01,947,279,668,29.46,1.08,2.36,0.5244,72.84,38.07,6192.62,B,Active,266.44,Binance Spot,2020-08-11 to 2026-03-20,2020-08-11,2026-03-20,0.1%,4h,"SL=3.0%, TP=15.0%, TS=1.5%"
33,EMA_Breakout_Pro,"EMA_Cross, Breakout_20, Volume_Spike",SOLUSDT,4h,10000,71701.08,61701.08,42.12,617.01,947,279,668,29.46,1.08,2.36,0.5244,72.84,38.07,6192.62,B,Active,266.44,Binance Spot,2020-08-11 to 2026-03-20,2020-08-11,2026-03-20,0.1%,4h,"SL=5.0%, TP=15.0%, TS=1.5%"
34,MACD_Breakout,"MACD_Cross, Breakout_20, Volume_Spike, ADX_Trend",LINKUSDT,4h,10000,88599.41,78599.41,42.03,785.99,510,163,347,31.96,1.18,2.53,0.753,44.79,0.0,10000.0,B,Active,336.79,Binance Spot,2019-12-31 to 2026-03-20,2019-12-31,2026-03-20,0.1%,4h,"SL=4.0%, TP=15.0%, TS=1.5%"
35,Volume_Stochastic_MACD_ADX,"Volume_Spike, Stochastic, MACD_Cross, ADX_Trend, Trend_MA50, Supertrend",LINKUSDT,4h,10000,87208.78,77208.78,41.67,772.09,297,66,231,22.22,1.15,2.36,1.222,50.43,0.0,10000.0,B,Active,327.02,Binance Spot,2019-12-31 to 2026-03-20,2019-12-31,2026-03-20,0.1%,4h,"SL=4.0%, TP=15.0%, TS=2.0%"
36,Breakout_Cluster,"Breakout_20, Volume_Spike, EMA_Cross, MACD_Cross",BNBUSDT,4h,10000,86072.7,76072.7,41.37,760.73,299,93,206,31.1,1.34,2.79,1.0457,44.3,1.54,9846.04,B,Active,328.19,Binance Spot,2019-12-31 to 2026-03-20,2019-12-31,2026-03-20,0.1%,4h,"SL=2.5%, TP=15.0%, TS=1.5%"
37,VWAP_Momentum_Pro,"VWAP, EMA_Cross, MACD_Cross, Volume_Spike",BTCUSDT,4h,10000,84135.68,74135.68,40.85,741.36,377,118,259,31.3,1.13,2.57,0.9144,63.05,1.92,9807.95,B,Active,317.28,Binance Spot,2019-12-31 to 2026-03-20,2019-12-31,2026-03-20,0.1%,4h,"SL=3.0%, TP=10.0%, TS=2.5%"
38,Volume_Trend_ADX,"Volume_Spike, Trend_MA50, ADX_Trend, EMA_Cross, MACD_Cross",ETHUSDT,4h,10000,82009.95,72009.95,40.27,720.1,342,93,249,27.19,1.13,2.43,1.0146,54.5,0.9,9910.32,B,Active,307.46,Binance Spot,2019-12-31 to 2026-03-20,2019-12-31,2026-03-20,0.1%,4h,"SL=3.0%, TP=15.0%, TS=2.5%"
39,Breakout_Volume_ADX,"Breakout_20, Volume_Spike, ADX_Trend, Supertrend, VWAP",ETHUSDT,4h,10000,80939.47,70939.47,39.98,709.39,553,109,444,19.71,1.06,2.3,0.7784,70.1,0.0,10000.0,B,Active,300.3,Binance Spot,2019-12-31 to 2026-03-20,2019-12-31,2026-03-20,0.1%,4h,"SL=1.5%, TP=15.0%, TS=2.5%"
40,Aggressive_Growth,"EMA_Cross, MACD_Cross, Volume_Spike, Breakout_20, ADX_Trend, VWAP",BTCUSDT,4h,10000,80047.06,70047.06,39.73,700.47,415,106,309,25.54,1.16,2.69,0.7935,47.11,4.16,9584.01,B,Active,300.02,Binance Spot,2019-12-31 to 2026-03-20,2019-12-31,2026-03-20,0.1%,4h,"SL=2.0%, TP=10.0%, TS=1.5%"
41,Breakout_Thermo,"Breakout_20, Volume_Spike, ADX_Trend, Trend_MA50",ETHUSDT,4h,10000,79947.33,69947.33,39.7,699.47,599,145,454,24.21,1.11,2.51,0.6376,59.0,0.0,10000.0,B,Active,298.2,Binance Spot,2019-12-31 to 2026-03-20,2019-12-31,2026-03-20,0.1%,4h,"SL=1.0%, TP=15.0%, TS=3.0%"
42,Breakout_Hunter,"Breakout_20, Volume_Spike, MACD_Cross, Supertrend",LINKUSDT,4h,10000,79958.69,69958.69,39.7,699.59,593,99,494,16.69,1.06,2.32,0.7266,69.43,0.0,10000.0,B,Active,295.44,Binance Spot,2019-12-31 to 2026-03-20,2019-12-31,2026-03-20,0.1%,4h,"SL=4.0%, TP=15.0%, TS=1.0%"
43,Volume_EMA_Stochastic_ADX,"Volume_Spike, EMA_Cross, Stochastic, ADX_Trend, Trend_MA50",XRPUSDT,4h,10000,77901.83,67901.83,39.12,679.02,532,107,425,20.11,1.09,2.3,0.7529,73.52,0.0,10000.0,B,Active,288.56,Binance Spot,2019-12-31 to 2026-03-20,2019-12-31,2026-03-20,0.1%,4h,"SL=1.0%, TP=15.0%, TS=1.0%"
44,MACD_Trend_Strength,"MACD_Cross, Trend_MA50, ADX_Trend, EMA_Cross, Volume_Spike",ETHUSDT,4h,10000,77527.81,67527.81,39.01,675.28,426,130,296,30.52,1.09,2.52,0.8052,53.17,0.9,9910.32,B,Active,290.15,Binance Spot,2019-12-31 to 2026-03-20,2019-12-31,2026-03-20,0.1%,4h,"SL=3.0%, TP=10.0%, TS=2.5%"
45,Stochastic_Trend_MACD,"Stochastic, Trend_MA50, MACD_Cross, EMA_Cross, ADX_Trend",BNBUSDT,4h,10000,75403.18,65403.18,38.39,654.03,513,125,388,24.37,1.16,2.6,0.6669,56.81,1.54,9846.04,B,Active,280.49,Binance Spot,2019-12-31 to 2026-03-20,2019-12-31,2026-03-20,0.1%,4h,"SL=2.5%, TP=10.0%, TS=1.0%"
46,EMA_Break_Momentum,"EMA_Cross, Breakout_20, MACD_Cross, ADX_Trend",LINKUSDT,4h,10000,74962.8,64962.8,38.26,649.63,581,152,429,26.16,1.03,2.25,0.7432,78.95,0.33,9967.21,B,Active,277.98,Binance Spot,2019-12-31 to 2026-03-20,2019-12-31,2026-03-20,0.1%,4h,"SL=2.0%, TP=15.0%, TS=2.5%"
47,Volume_Trend_ADX,"Volume_Spike, Trend_MA50, ADX_Trend, EMA_Cross, MACD_Cross",LINKUSDT,4h,10000,74739.68,64739.68,38.2,647.4,467,117,350,25.05,1.05,2.22,0.8678,72.33,0.33,9967.21,B,Active,276.98,Binance Spot,2019-12-31 to 2026-03-20,2019-12-31,2026-03-20,0.1%,4h,"SL=3.0%, TP=15.0%, TS=2.5%"
48,Breakout_Thermo,"Breakout_20, Volume_Spike, ADX_Trend, Trend_MA50",BNBUSDT,4h,10000,73863.37,63863.37,37.93,638.63,613,138,475,22.51,1.16,2.42,0.6215,61.49,6.17,9382.9,B,Active,273.78,Binance Spot,2019-12-31 to 2026-03-20,2019-12-31,2026-03-20,0.1%,4h,"SL=1.0%, TP=15.0%, TS=3.0%"
49,Aggressive_Growth,"EMA_Cross, MACD_Cross, Volume_Spike, Breakout_20, ADX_Trend, VWAP",ETHUSDT,4h,10000,70706.65,60706.65,36.97,607.07,592,145,447,24.49,1.06,2.44,0.6263,62.0,0.9,9910.32,B,Active,260.75,Binance Spot,2019-12-31 to 2026-03-20,2019-12-31,2026-03-20,0.1%,4h,"SL=2.0%, TP=10.0%, TS=1.5%"
50,Volume_Trend_ADX,"Volume_Spike, Trend_MA50, ADX_Trend, EMA_Cross, MACD_Cross",SOLUSDT,4h,10000,58155.16,48155.16,36.91,481.55,482,117,365,24.27,1.06,2.05,0.8457,62.0,44.26,5573.71,B,Active,210.46,Binance Spot,2020-08-11 to 2026-03-20,2020-08-11,2026-03-20,0.1%,4h,"SL=3.0%, TP=15.0%, TS=2.5%"
51,Volume_EMA_Stochastic_ADX,"Volume_Spike, EMA_Cross, Stochastic, ADX_Trend, Trend_MA50",ETHUSDT,4h,10000,70466.74,60466.74,36.89,604.67,474,97,377,20.46,1.12,2.45,0.7105,50.89,0.0,10000.0,B,Active,259.19,Binance Spot,2019-12-31 to 2026-03-20,2019-12-31,2026-03-20,0.1%,4h,"SL=1.0%, TP=15.0%, TS=1.0%"
52,Breakout_VWAP,"Breakout_20, VWAP, Volume_Spike, MACD_Cross",ETHUSDT,4h,10000,69384.06,59384.06,36.55,593.84,352,75,277,21.31,1.1,2.28,0.9518,57.84,0.9,9910.32,B,Active,254.9,Binance Spot,2019-12-31 to 2026-03-20,2019-12-31,2026-03-20,0.1%,4h,"SL=1.5%, TP=15.0%, TS=2.5%"
53,Volume_Stochastic_MACD_ADX,"Volume_Spike, Stochastic, MACD_Cross, ADX_Trend, Trend_MA50, Supertrend",BTCUSDT,4h,10000,68941.01,58941.01,36.41,589.41,185,44,141,23.78,1.27,2.46,1.5168,41.65,9.27,9072.66,B,Active,257.32,Binance Spot,2019-12-31 to 2026-03-20,2019-12-31,2026-03-20,0.1%,4h,"SL=4.0%, TP=15.0%, TS=2.0%"
54,Stochastic_Trend_MACD,"Stochastic, Trend_MA50, MACD_Cross, EMA_Cross, ADX_Trend",BTCUSDT,4h,10000,66707.35,56707.35,35.69,567.07,407,103,304,25.31,1.19,2.83,0.7073,41.39,7.54,9246.37,B,Active,248.01,Binance Spot,2019-12-31 to 2026-03-20,2019-12-31,2026-03-20,0.1%,4h,"SL=2.5%, TP=10.0%, TS=1.0%"
55,Breakout_Thermo,"Breakout_20, Volume_Spike, ADX_Trend, Trend_MA50",SOLUSDT,4h,10000,54743.08,44743.08,35.44,447.43,819,164,655,20.02,1.09,2.15,0.5652,70.62,63.03,3696.82,B,Active,195.87,Binance Spot,2020-08-11 to 2026-03-20,2020-08-11,2026-03-20,0.1%,4h,"SL=1.0%, TP=15.0%, TS=3.0%"
56,Volume_EMA_Stochastic_ADX,"Volume_Spike, EMA_Cross, Stochastic, ADX_Trend, Trend_MA50",BNBUSDT,4h,10000,65401.58,55401.58,35.26,554.02,464,100,364,21.55,1.16,2.33,0.7224,55.79,0.0,10000.0,B,Active,239.69,Binance Spot,2019-12-31 to 2026-03-20,2019-12-31,2026-03-20,0.1%,4h,"SL=1.0%, TP=15.0%, TS=1.0%"
57,Ultimate_Entry,"EMA_Cross, MACD_Cross, RSI_Oversold, Supertrend, ADX_Trend, VWAP, Trend_MA50, Volume_Spike",ADAUSDT,4h,10000,65202.76,55202.76,35.19,552.03,664,247,417,37.2,1.07,2.5,0.5432,59.23,0.0,10000.0,B,Active,242.7,Binance Spot,2019-12-31 to 2026-03-20,2019-12-31,2026-03-20,0.1%,4h,"SL=2.0%, TP=5.0%, TS=2.5%"
58,Volume_EMA_Stochastic_ADX,"Volume_Spike, EMA_Cross, Stochastic, ADX_Trend, Trend_MA50",LINKUSDT,4h,10000,62446.06,52446.06,34.26,524.46,631,110,521,17.43,1.06,2.21,0.6282,52.89,1.67,9833.02,B,Active,225.61,Binance Spot,2019-12-31 to 2026-03-20,2019-12-31,2026-03-20,0.1%,4h,"SL=1.0%, TP=15.0%, TS=1.0%"
59,Ultimate_Entry,"EMA_Cross, MACD_Cross, RSI_Oversold, Supertrend, ADX_Trend, VWAP, Trend_MA50, Volume_Spike",XRPUSDT,4h,10000,61839.38,51839.38,34.05,518.39,632,235,397,37.18,1.06,2.39,0.571,79.52,9.05,9094.9,B,Active,229.07,Binance Spot,2019-12-31 to 2026-03-20,2019-12-31,2026-03-20,0.1%,4h,"SL=2.0%, TP=5.0%, TS=2.5%"
60,Volume_EMA_Stochastic_ADX,"Volume_Spike, EMA_Cross, Stochastic, ADX_Trend, Trend_MA50",BTCUSDT,4h,10000,60307.07,50307.07,33.51,503.07,372,89,283,23.92,1.2,2.48,0.7659,51.52,7.93,9207.41,B,Active,220.36,Binance Spot,2019-12-31 to 2026-03-20,2019-12-31,2026-03-20,0.1%,4h,"SL=1.0%, TP=15.0%, TS=1.0%"
61,Breakout_VWAP,"Breakout_20, VWAP, Volume_Spike, MACD_Cross",ADAUSDT,4h,10000,59796.7,49796.7,33.33,497.97,350,85,265,24.29,1.07,2.17,0.9104,64.14,0.04,9996.25,B,Active,217.22,Binance Spot,2019-12-31 to 2026-03-20,2019-12-31,2026-03-20,0.1%,4h,"SL=1.5%, TP=15.0%, TS=2.5%"
62,MACD_Trend_Strength,"MACD_Cross, Trend_MA50, ADX_Trend, EMA_Cross, Volume_Spike",BTCUSDT,4h,10000,58869.04,48869.04,32.99,488.69,346,117,229,33.82,1.16,2.52,0.8,48.23,5.38,9462.48,B,Active,217.58,Binance Spot,2019-12-31 to 2026-03-20,2019-12-31,2026-03-20,0.1%,4h,"SL=3.0%, TP=10.0%, TS=2.5%"
63,High_Profit_Trade,"EMA_Cross, MACD_Cross, ADX_Trend, Supertrend, VWAP, Trend_MA50",ADAUSDT,4h,10000,58624.42,48624.42,32.9,486.24,421,105,316,24.94,1.03,2.04,0.9449,80.13,0.12,9987.63,B,Active,212.31,Binance Spot,2019-12-31 to 2026-03-20,2019-12-31,2026-03-20,0.1%,4h,"SL=4.0%, TP=15.0%, TS=3.0%"
64,Breakout_Hunter,"Breakout_20, Volume_Spike, MACD_Cross, Supertrend",BNBUSDT,4h,10000,56527.82,46527.82,32.13,465.28,390,60,330,15.38,1.15,2.21,0.7859,50.58,0.0,10000.0,B,Active,202.22,Binance Spot,2019-12-31 to 2026-03-20,2019-12-31,2026-03-20,0.1%,4h,"SL=4.0%, TP=15.0%, TS=1.0%"
65,Ultimate_Entry,"EMA_Cross, MACD_Cross, RSI_Oversold, Supertrend, ADX_Trend, VWAP, Trend_MA50, Volume_Spike",BTCUSDT,4h,10000,52846.0,42846.0,30.7,428.46,462,182,280,39.39,1.11,2.68,0.5823,58.71,0.0,10000.0,B,Active,194.32,Binance Spot,2019-12-31 to 2026-03-20,2019-12-31,2026-03-20,0.1%,4h,"SL=2.0%, TP=5.0%, TS=2.5%"
66,VWAP_Momentum_Pro,"VWAP, EMA_Cross, MACD_Cross, Volume_Spike",BNBUSDT,4h,10000,52703.96,42703.96,30.65,427.04,471,143,328,30.36,1.07,2.1,0.7316,80.22,1.54,9846.04,B,Active,190.63,Binance Spot,2019-12-31 to 2026-03-20,2019-12-31,2026-03-20,0.1%,4h,"SL=3.0%, TP=10.0%, TS=2.5%"
67,Breakout_Volume_ADX,"Breakout_20, Volume_Spike, ADX_Trend, Supertrend, VWAP",BTCUSDT,4h,10000,52072.39,42072.39,30.39,420.72,380,70,310,18.42,1.16,2.09,0.8073,71.88,18.89,8111.34,B,Active,185.44,Binance Spot,2019-12-31 to 2026-03-20,2019-12-31,2026-03-20,0.1%,4h,"SL=1.5%, TP=15.0%, TS=2.5%"
68,EMA_Break_Momentum,"EMA_Cross, Breakout_20, MACD_Cross, ADX_Trend",ETHUSDT,4h,10000,51782.39,41782.39,30.28,417.82,444,134,310,30.18,1.1,2.16,0.6958,54.81,2.14,9786.21,B,Active,187.14,Binance Spot,2019-12-31 to 2026-03-20,2019-12-31,2026-03-20,0.1%,4h,"SL=2.0%, TP=15.0%, TS=2.5%"
69,Volume_Trend_ADX,"Volume_Spike, Trend_MA50, ADX_Trend, EMA_Cross, MACD_Cross",DOTUSDT,4h,10000,43211.64,33211.64,29.96,332.12,383,98,285,25.59,1.06,1.9,0.805,62.29,5.89,9411.27,B,Active,151.11,Binance Spot,2020-08-18 to 2026-03-20,2020-08-18,2026-03-20,0.1%,4h,"SL=3.0%, TP=15.0%, TS=2.5%"
70,Volume_EMA_Stochastic_ADX,"Volume_Spike, EMA_Cross, Stochastic, ADX_Trend, Trend_MA50",AVAXUSDT,4h,10000,41162.67,31162.67,29.4,311.63,606,105,501,17.33,1.05,1.92,0.6107,66.61,34.24,6575.98,B,Active,140.35,Binance Spot,2020-09-22 to 2026-03-20,2020-09-22,2026-03-20,0.1%,4h,"SL=1.0%, TP=15.0%, TS=1.0%"
71,Breakout_Thermo,"Breakout_20, Volume_Spike, ADX_Trend, Trend_MA50",BTCUSDT,4h,10000,49411.64,39411.64,29.3,394.12,508,128,380,25.2,1.13,2.3,0.5674,56.98,8.49,9150.85,B,Active,176.48,Binance Spot,2019-12-31 to 2026-03-20,2019-12-31,2026-03-20,0.1%,4h,"SL=1.0%, TP=15.0%, TS=3.0%"
72,Breakout_Hunter,"Breakout_20, Volume_Spike, MACD_Cross, Supertrend",SOLUSDT,4h,10000,42180.54,32180.54,29.28,321.81,574,95,479,16.55,1.09,1.93,0.6424,62.06,40.21,5979.44,B,Active,144.55,Binance Spot,2020-08-11 to 2026-03-20,2020-08-11,2026-03-20,0.1%,4h,"SL=4.0%, TP=15.0%, TS=1.0%"
73,Aggressive_Growth,"EMA_Cross, MACD_Cross, Volume_Spike, Breakout_20, ADX_Trend, VWAP",BNBUSDT,4h,10000,48569.08,38569.08,28.94,385.69,567,134,433,23.63,1.09,2.14,0.5858,78.01,1.54,9846.04,B,Active,172.22,Binance Spot,2019-12-31 to 2026-03-20,2019-12-31,2026-03-20,0.1%,4h,"SL=2.0%, TP=10.0%, TS=1.5%"
74,Volume_Trend_ADX,"Volume_Spike, Trend_MA50, ADX_Trend, EMA_Cross, MACD_Cross",BTCUSDT,4h,10000,46593.52,36593.52,28.08,365.94,281,89,192,31.67,1.18,2.2,0.8757,51.32,1.92,9807.95,B,Active,167.67,Binance Spot,2019-12-31 to 2026-03-20,2019-12-31,2026-03-20,0.1%,4h,"SL=3.0%, TP=15.0%, TS=2.5%"
75,Breakout_Hunter,"Breakout_20, Volume_Spike, MACD_Cross, Supertrend",ADAUSDT,4h,10000,45898.8,35898.8,27.77,358.99,593,89,504,15.01,1.04,2.01,0.613,70.6,0.0,10000.0,B,Active,158.51,Binance Spot,2019-12-31 to 2026-03-20,2019-12-31,2026-03-20,0.1%,4h,"SL=4.0%, TP=15.0%, TS=1.0%"
76,Breakout_Cluster,"Breakout_20, Volume_Spike, EMA_Cross, MACD_Cross",XRPUSDT,4h,10000,41730.65,31730.65,25.83,317.31,340,81,259,23.82,1.1,1.91,0.7959,67.11,0.55,9945.49,B,Active,145.12,Binance Spot,2019-12-31 to 2026-03-20,2019-12-31,2026-03-20,0.1%,4h,"SL=2.5%, TP=15.0%, TS=1.5%"
77,High_Profit_Trade,"EMA_Cross, MACD_Cross, ADX_Trend, Supertrend, VWAP, Trend_MA50",BNBUSDT,4h,10000,41636.08,31636.08,25.79,316.36,308,79,229,25.65,1.08,1.82,0.9968,78.9,4.27,9573.43,B,Active,145.07,Binance Spot,2019-12-31 to 2026-03-20,2019-12-31,2026-03-20,0.1%,4h,"SL=4.0%, TP=15.0%, TS=3.0%"
78,ADX_Volume_Break,"ADX_Trend, Volume_Spike, Breakout_20, EMA_Cross",ETHUSDT,4h,10000,40812.66,30812.66,25.38,308.13,610,148,462,24.26,1.09,2.07,0.5034,61.97,0.0,10000.0,B,Active,141.45,Binance Spot,2019-12-31 to 2026-03-20,2019-12-31,2026-03-20,0.1%,4h,"SL=2.5%, TP=15.0%, TS=1.0%"
79,MACD_Trend_Strength,"MACD_Cross, Trend_MA50, ADX_Trend, EMA_Cross, Volume_Spike",XRPUSDT,4h,10000,39184.1,29184.1,24.56,291.84,511,146,365,28.57,1.04,1.92,0.6407,78.65,0.55,9945.49,B,Active,135.68,Binance Spot,2019-12-31 to 2026-03-20,2019-12-31,2026-03-20,0.1%,4h,"SL=3.0%, TP=10.0%, TS=2.5%"
80,Breakout_Hunter,"Breakout_20, Volume_Spike, MACD_Cross, Supertrend",XRPUSDT,4h,10000,38357.32,28357.32,24.14,283.57,475,71,404,14.95,1.07,1.87,0.6448,77.33,0.0,10000.0,B,Active,128.66,Binance Spot,2019-12-31 to 2026-03-20,2019-12-31,2026-03-20,0.1%,4h,"SL=4.0%, TP=15.0%, TS=1.0%"
81,Breakout_Volume_Pro,"Breakout_20, Volume_Spike, EMA_Cross",LINKUSDT,4h,10000,36376.27,26376.27,23.08,263.76,937,272,665,29.03,1.02,2.05,0.4154,81.1,1.91,9808.94,B,Active,124.42,Binance Spot,2019-12-31 to 2026-03-20,2019-12-31,2026-03-20,0.1%,4h,"SL=3.0%, TP=15.0%, TS=1.5%"
82,EMA_Breakout_Pro,"EMA_Cross, Breakout_20, Volume_Spike",LINKUSDT,4h,10000,36376.27,26376.27,23.08,263.76,937,272,665,29.03,1.02,2.05,0.4154,81.1,1.91,9808.94,B,Active,124.42,Binance Spot,2019-12-31 to 2026-03-20,2019-12-31,2026-03-20,0.1%,4h,"SL=5.0%, TP=15.0%, TS=1.5%"
83,ADX_Volume_Break,"ADX_Trend, Volume_Spike, Breakout_20, EMA_Cross",BTCUSDT,4h,10000,36179.84,26179.84,22.98,261.8,507,131,376,25.84,1.11,2.04,0.5041,53.18,20.71,7928.69,B,Active,123.6,Binance Spot,2019-12-31 to 2026-03-20,2019-12-31,2026-03-20,0.1%,4h,"SL=2.5%, TP=15.0%, TS=1.0%"
84,Stochastic_Trend_MACD,"Stochastic, Trend_MA50, MACD_Cross, EMA_Cross, ADX_Trend",LINKUSDT,4h,10000,34390.31,24390.31,21.98,243.9,732,151,581,20.63,1.03,1.99,0.434,73.51,1.9,9809.96,B,Active,114.01,Binance Spot,2019-12-31 to 2026-03-20,2019-12-31,2026-03-20,0.1%,4h,"SL=2.5%, TP=10.0%, TS=1.0%"
85,Breakout_Volume_Pro,"Breakout_20, Volume_Spike, EMA_Cross",BTCUSDT,4h,10000,34067.95,24067.95,21.79,240.68,696,239,457,34.34,1.09,2.23,0.3714,55.84,1.92,9807.95,B,Active,117.52,Binance Spot,2019-12-31 to 2026-03-20,2019-12-31,2026-03-20,0.1%,4h,"SL=3.0%, TP=15.0%, TS=1.5%"
86,EMA_Breakout_Pro,"EMA_Cross, Breakout_20, Volume_Spike",BTCUSDT,4h,10000,34067.95,24067.95,21.79,240.68,696,239,457,34.34,1.09,2.23,0.3714,55.84,1.92,9807.95,B,Active,117.52,Binance Spot,2019-12-31 to 2026-03-20,2019-12-31,2026-03-20,0.1%,4h,"SL=5.0%, TP=15.0%, TS=1.5%"
87,Volume_Stochastic_MACD_ADX,"Volume_Spike, Stochastic, MACD_Cross, ADX_Trend, Trend_MA50, Supertrend",DOTUSDT,4h,10000,29658.03,19658.03,21.49,196.58,241,51,190,21.16,1.11,1.64,0.8894,61.92,12.5,8749.64,B,Active,96.11,Binance Spot,2020-08-18 to 2026-03-20,2020-08-18,2026-03-20,0.1%,4h,"SL=4.0%, TP=15.0%, TS=2.0%"
88,Breakout_VWAP,"Breakout_20, VWAP, Volume_Spike, MACD_Cross",SOLUSDT,4h,10000,28099.35,18099.35,20.24,180.99,383,76,307,19.84,1.06,1.63,0.6686,54.15,34.45,6554.62,B,Active,88.98,Binance Spot,2020-08-11 to 2026-03-20,2020-08-11,2026-03-20,0.1%,4h,"SL=1.5%, TP=15.0%, TS=2.5%"
89,VWAP_Momentum_Pro,"VWAP, EMA_Cross, MACD_Cross, Volume_Spike",ADAUSDT,4h,10000,31402.51,21402.51,20.21,214.03,593,160,433,26.98,1.02,1.81,0.5429,87.24,0.12,9987.63,B,Active,103.86,Binance Spot,2019-12-31 to 2026-03-20,2019-12-31,2026-03-20,0.1%,4h,"SL=3.0%, TP=10.0%, TS=2.5%"
90,Volume_Stochastic_MACD_ADX,"Volume_Spike, Stochastic, MACD_Cross, ADX_Trend, Trend_MA50, Supertrend",XRPUSDT,4h,10000,30851.42,20851.42,19.86,208.51,265,52,213,19.62,1.08,1.62,0.9003,62.32,0.0,10000.0,B,Active,100.09,Binance Spot,2019-12-31 to 2026-03-20,2019-12-31,2026-03-20,0.1%,4h,"SL=4.0%, TP=15.0%, TS=2.0%"
91,Volume_Stochastic_MACD_ADX,"Volume_Spike, Stochastic, MACD_Cross, ADX_Trend, Trend_MA50, Supertrend",ADAUSDT,4h,10000,30500.15,20500.15,19.64,205.0,310,65,245,20.97,1.09,1.65,0.8194,61.03,19.19,8080.55,B,Active,99.16,Binance Spot,2019-12-31 to 2026-03-20,2019-12-31,2026-03-20,0.1%,4h,"SL=4.0%, TP=15.0%, TS=2.0%"
92,MACD_Trend_Strength,"MACD_Cross, Trend_MA50, ADX_Trend, EMA_Cross, Volume_Spike",ADAUSDT,4h,10000,28957.33,18957.33,18.65,189.57,529,144,385,27.22,1.03,1.75,0.5432,74.13,0.12,9987.63,B,Active,94.28,Binance Spot,2019-12-31 to 2026-03-20,2019-12-31,2026-03-20,0.1%,4h,"SL=3.0%, TP=10.0%, TS=2.5%"
93,Breakout_Volume_ADX,"Breakout_20, Volume_Spike, ADX_Trend, Supertrend, VWAP",LINKUSDT,4h,10000,28472.79,18472.79,18.33,184.73,812,152,660,18.72,1.01,1.85,0.5426,89.44,4.06,9594.25,B,Active,89.64,Binance Spot,2019-12-31 to 2026-03-20,2019-12-31,2026-03-20,0.1%,4h,"SL=1.5%, TP=15.0%, TS=2.5%"
94,Volume_Trend_ADX,"Volume_Spike, Trend_MA50, ADX_Trend, EMA_Cross, MACD_Cross",AVAXUSDT,4h,10000,25178.39,15178.39,18.32,151.78,460,103,357,22.39,1.04,1.59,0.6694,69.1,48.37,5163.28,B,Active,77.84,Binance Spot,2020-09-22 to 2026-03-20,2020-09-22,2026-03-20,0.1%,4h,"SL=3.0%, TP=15.0%, TS=2.5%"
95,EMA_Break_Momentum,"EMA_Cross, Breakout_20, MACD_Cross, ADX_Trend",SOLUSDT,4h,10000,25665.82,15665.82,18.32,156.66,587,140,447,23.85,1.04,1.67,0.5568,76.47,30.15,6985.25,B,Active,80.22,Binance Spot,2020-08-11 to 2026-03-20,2020-08-11,2026-03-20,0.1%,4h,"SL=2.0%, TP=15.0%, TS=2.5%"
96,Breakout_Cluster,"Breakout_20, Volume_Spike, EMA_Cross, MACD_Cross",LINKUSDT,4h,10000,28427.97,18427.97,18.3,184.28,389,88,301,22.62,1.04,1.68,0.6043,70.27,1.99,9800.78,B,Active,90.94,Binance Spot,2019-12-31 to 2026-03-20,2019-12-31,2026-03-20,0.1%,4h,"SL=2.5%, TP=15.0%, TS=1.5%"
97,Volume_Trend_ADX,"Volume_Spike, Trend_MA50, ADX_Trend, EMA_Cross, MACD_Cross",ADAUSDT,4h,10000,27809.77,17809.77,17.88,178.1,452,109,343,24.12,1.03,1.65,0.6381,72.53,0.12,9987.63,B,Active,88.77,Binance Spot,2019-12-31 to 2026-03-20,2019-12-31,2026-03-20,0.1%,4h,"SL=3.0%, TP=15.0%, TS=2.5%"
98,Breakout_Cluster,"Breakout_20, Volume_Spike, EMA_Cross, MACD_Cross",DOTUSDT,4h,10000,24482.87,14482.87,17.39,144.83,330,75,255,22.73,1.11,1.57,0.5923,67.59,5.89,9411.27,B,Active,75.84,Binance Spot,2020-08-18 to 2026-03-20,2020-08-18,2026-03-20,0.1%,4h,"SL=2.5%, TP=15.0%, TS=1.5%"
99,Breakout_Thermo,"Breakout_20, Volume_Spike, ADX_Trend, Trend_MA50",XRPUSDT,4h,10000,27067.04,17067.04,17.37,170.67,711,144,567,20.25,1.03,1.75,0.4617,79.64,0.0,10000.0,B,Active,84.63,Binance Spot,2019-12-31 to 2026-03-20,2019-12-31,2026-03-20,0.1%,4h,"SL=1.0%, TP=15.0%, TS=3.0%"
100,EMA_Break_Momentum,"EMA_Cross, Breakout_20, MACD_Cross, ADX_Trend",BTCUSDT,4h,10000,27040.84,17040.84,17.35,170.41,374,107,267,28.61,1.08,1.72,0.5479,57.59,12.06,8793.62,B,Active,87.55,Binance Spot,2019-12-31 to 2026-03-20,2019-12-31,2026-03-20,0.1%,4h,"SL=2.0%, TP=15.0%, TS=2.5%"
101,Breakout_Volume_Pro,"Breakout_20, Volume_Spike, EMA_Cross",XRPUSDT,4h,10000,26281.45,16281.45,16.81,162.81,861,262,599,30.43,1.03,1.82,0.3855,81.28,0.55,9945.49,B,Active,84.59,Binance Spot,2019-12-31 to 2026-03-20,2019-12-31,2026-03-20,0.1%,4h,"SL=3.0%, TP=15.0%, TS=1.5%"
102,EMA_Breakout_Pro,"EMA_Cross, Breakout_20, Volume_Spike",XRPUSDT,4h,10000,26281.45,16281.45,16.81,162.81,861,262,599,30.43,1.03,1.82,0.3855,81.28,0.55,9945.49,B,Active,84.59,Binance Spot,2019-12-31 to 2026-03-20,2019-12-31,2026-03-20,0.1%,4h,"SL=5.0%, TP=15.0%, TS=1.5%"
103,Breakout_Cluster,"Breakout_20, Volume_Spike, EMA_Cross, MACD_Cross",AVAXUSDT,4h,10000,23255.59,13255.59,16.62,132.56,346,73,273,21.1,1.07,1.49,0.6268,55.2,50.21,4979.01,B,Active,70.06,Binance Spot,2020-09-22 to 2026-03-20,2020-09-22,2026-03-20,0.1%,4h,"SL=2.5%, TP=15.0%, TS=1.5%"
104,Breakout_Cluster,"Breakout_20, Volume_Spike, EMA_Cross, MACD_Cross",BTCUSDT,4h,10000,25873.08,15873.08,16.52,158.73,301,94,207,31.23,1.16,1.82,0.5598,40.2,1.92,9807.95,B,Active,86.42,Binance Spot,2019-12-31 to 2026-03-20,2019-12-31,2026-03-20,0.1%,4h,"SL=2.5%, TP=15.0%, TS=1.5%"
105,Breakout_Volume_Pro,"Breakout_20, Volume_Spike, EMA_Cross",AVAXUSDT,4h,10000,23006.89,13006.89,16.39,130.07,884,239,645,27.04,1.05,1.75,0.3974,76.65,61.67,3833.11,B,Active,70.67,Binance Spot,2020-09-22 to 2026-03-20,2020-09-22,2026-03-20,0.1%,4h,"SL=3.0%, TP=15.0%, TS=1.5%"
106,EMA_Breakout_Pro,"EMA_Cross, Breakout_20, Volume_Spike",AVAXUSDT,4h,10000,23006.89,13006.89,16.39,130.07,884,239,645,27.04,1.05,1.75,0.3974,76.65,61.67,3833.11,B,Active,70.67,Binance Spot,2020-09-22 to 2026-03-20,2020-09-22,2026-03-20,0.1%,4h,"SL=5.0%, TP=15.0%, TS=1.5%"
107,Breakout_Volume_Pro,"Breakout_20, Volume_Spike, EMA_Cross",ADAUSDT,4h,10000,24535.59,14535.59,15.53,145.36,963,263,700,27.31,1.02,1.85,0.3558,83.37,0.12,9987.63,B,Active,76.5,Binance Spot,2019-12-31 to 2026-03-20,2019-12-31,2026-03-20,0.1%,4h,"SL=3.0%, TP=15.0%, TS=1.5%"
108,EMA_Breakout_Pro,"EMA_Cross, Breakout_20, Volume_Spike",ADAUSDT,4h,10000,24535.59,14535.59,15.53,145.36,963,263,700,27.31,1.02,1.85,0.3558,83.37,0.12,9987.63,B,Active,76.5,Binance Spot,2019-12-31 to 2026-03-20,2019-12-31,2026-03-20,0.1%,4h,"SL=5.0%, TP=15.0%, TS=1.5%"
109,ADX_Volume_Break,"ADX_Trend, Volume_Spike, Breakout_20, EMA_Cross",SOLUSDT,4h,10000,22413.16,12413.16,15.49,124.13,804,163,641,20.27,1.04,1.7,0.4416,72.97,62.57,3742.51,B,Active,66.16,Binance Spot,2020-08-11 to 2026-03-20,2020-08-11,2026-03-20,0.1%,4h,"SL=2.5%, TP=15.0%, TS=1.0%"
110,Ultimate_Entry,"EMA_Cross, MACD_Cross, RSI_Oversold, Supertrend, ADX_Trend, VWAP, Trend_MA50, Volume_Spike",ETHUSDT,4h,10000,24450.82,14450.82,15.46,144.51,665,251,414,37.74,1.04,1.87,0.3529,65.48,2.64,9736.44,B,Active,79.51,Binance Spot,2019-12-31 to 2026-03-20,2019-12-31,2026-03-20,0.1%,4h,"SL=2.0%, TP=5.0%, TS=2.5%"
111,Breakout_Volume_Pro,"Breakout_20, Volume_Spike, EMA_Cross",ETHUSDT,4h,10000,24127.61,14127.61,15.22,141.28,802,259,543,32.29,1.05,1.85,0.3294,54.35,0.9,9910.32,B,Active,76.7,Binance Spot,2019-12-31 to 2026-03-20,2019-12-31,2026-03-20,0.1%,4h,"SL=3.0%, TP=15.0%, TS=1.5%"
112,EMA_Breakout_Pro,"EMA_Cross, Breakout_20, Volume_Spike",ETHUSDT,4h,10000,24127.61,14127.61,15.22,141.28,802,259,543,32.29,1.05,1.85,0.3294,54.35,0.9,9910.32,B,Active,76.7,Binance Spot,2019-12-31 to 2026-03-20,2019-12-31,2026-03-20,0.1%,4h,"SL=5.0%, TP=15.0%, TS=1.5%"
113,ADX_Volume_Break,"ADX_Trend, Volume_Spike, Breakout_20, EMA_Cross",AVAXUSDT,4h,10000,21533.39,11533.39,15.0,115.33,753,144,609,19.12,1.03,1.65,0.4423,76.9,37.99,6201.37,B,Active,62.18,Binance Spot,2020-09-22 to 2026-03-20,2020-09-22,2026-03-20,0.1%,4h,"SL=2.5%, TP=15.0%, TS=1.0%"
114,Breakout_Cluster,"Breakout_20, Volume_Spike, EMA_Cross, MACD_Cross",LTCUSDT,4h,10000,23598.63,13598.63,14.81,135.99,336,86,250,25.6,1.08,1.56,0.5692,47.36,6.19,9380.55,B,Active,73.4,Binance Spot,2019-12-31 to 2026-03-20,2019-12-31,2026-03-20,0.1%,4h,"SL=2.5%, TP=15.0%, TS=1.5%"
115,Volume_EMA_Stochastic_ADX,"Volume_Spike, EMA_Cross, Stochastic, ADX_Trend, Trend_MA50",LTCUSDT,4h,10000,22876.38,12876.38,14.24,128.76,536,105,431,19.59,1.04,1.6,0.4485,64.02,11.42,8857.83,B,Active,67.8,Binance Spot,2019-12-31 to 2026-03-20,2019-12-31,2026-03-20,0.1%,4h,"SL=1.0%, TP=15.0%, TS=1.0%"
116,Breakout_VWAP,"Breakout_20, VWAP, Volume_Spike, MACD_Cross",DOTUSDT,4h,10000,20671.07,10671.07,13.88,106.71,198,50,148,25.25,1.13,1.37,0.7385,53.23,17.32,8267.57,B,Active,61.6,Binance Spot,2020-08-18 to 2026-03-20,2020-08-18,2026-03-20,0.1%,4h,"SL=1.5%, TP=15.0%, TS=2.5%"
117,Breakout_Hunter,"Breakout_20, Volume_Spike, MACD_Cross, Supertrend",BTCUSDT,4h,10000,21465.63,11465.63,13.07,114.66,360,51,309,14.17,1.09,1.48,0.5143,72.99,7.51,9249.06,B,Active,61.0,Binance Spot,2019-12-31 to 2026-03-20,2019-12-31,2026-03-20,0.1%,4h,"SL=4.0%, TP=15.0%, TS=1.0%"
118,Aggressive_Growth,"EMA_Cross, MACD_Cross, Volume_Spike, Breakout_20, ADX_Trend, VWAP",ADAUSDT,4h,10000,21066.59,11066.59,12.73,110.67,626,139,487,22.2,1.02,1.6,0.4223,83.05,0.12,9987.63,B,Active,61.08,Binance Spot,2019-12-31 to 2026-03-20,2019-12-31,2026-03-20,0.1%,4h,"SL=2.0%, TP=10.0%, TS=1.5%"
119,Ultimate_Entry,"EMA_Cross, MACD_Cross, RSI_Oversold, Supertrend, ADX_Trend, VWAP, Trend_MA50, Volume_Spike",LTCUSDT,4h,10000,20488.54,10488.54,12.23,104.89,475,179,296,37.68,1.03,1.61,0.3899,66.95,0.91,9908.81,B,Active,63.57,Binance Spot,2019-12-31 to 2026-03-20,2019-12-31,2026-03-20,0.1%,4h,"SL=2.0%, TP=5.0%, TS=2.5%"
120,High_Profit_Trade,"EMA_Cross, MACD_Cross, ADX_Trend, Supertrend, VWAP, Trend_MA50",BTCUSDT,4h,10000,20362.85,10362.85,12.12,103.63,213,51,162,23.94,1.06,1.32,0.796,76.97,1.92,9807.95,B,Active,59.21,Binance Spot,2019-12-31 to 2026-03-20,2019-12-31,2026-03-20,0.1%,4h,"SL=4.0%, TP=15.0%, TS=3.0%"
121,EMA_Break_Momentum,"EMA_Cross, Breakout_20, MACD_Cross, ADX_Trend",XRPUSDT,4h,10000,20137.41,10137.41,11.92,101.37,537,139,398,25.88,1.02,1.49,0.4863,78.63,0.55,9945.49,B,Active,58.5,Binance Spot,2019-12-31 to 2026-03-20,2019-12-31,2026-03-20,0.1%,4h,"SL=2.0%, TP=15.0%, TS=2.5%"
122,Stochastic_Trend_MACD,"Stochastic, Trend_MA50, MACD_Cross, EMA_Cross, ADX_Trend",SOLUSDT,4h,10000,18632.26,8632.26,11.74,86.32,725,147,578,20.28,1.04,1.58,0.368,66.64,62.12,3788.27,B,Active,50.96,Binance Spot,2020-08-11 to 2026-03-20,2020-08-11,2026-03-20,0.1%,4h,"SL=2.5%, TP=10.0%, TS=1.0%"
123,MACD_Trend_Strength,"MACD_Cross, Trend_MA50, ADX_Trend, EMA_Cross, Volume_Spike",LINKUSDT,4h,10000,19399.97,9399.97,11.25,94.0,563,162,401,28.77,1.02,1.52,0.4508,74.32,0.33,9967.21,B,Active,56.39,Binance Spot,2019-12-31 to 2026-03-20,2019-12-31,2026-03-20,0.1%,4h,"SL=3.0%, TP=10.0%, TS=2.5%"
124,Aggressive_Entry,"Breakout_20, Volume_Spike, MACD_Cross, ADX_Trend",ADAUSDT,4h,10000,18925.78,8925.78,10.8,89.26,621,132,489,21.26,1.03,1.53,0.358,77.14,1.95,9804.79,B,Active,52.43,Binance Spot,2019-12-31 to 2026-03-20,2019-12-31,2026-03-20,0.1%,4h,"SL=4.0%, TP=15.0%, TS=0.5%"
125,Breakout_Volume_ADX,"Breakout_20, Volume_Spike, ADX_Trend, Supertrend, VWAP",BNBUSDT,4h,10000,18824.42,8824.42,10.71,88.24,529,102,427,19.28,1.03,1.48,0.5349,83.22,16.96,8303.65,B,Active,51.4,Binance Spot,2019-12-31 to 2026-03-20,2019-12-31,2026-03-20,0.1%,4h,"SL=1.5%, TP=15.0%, TS=2.5%"
126,MACD_Breakout,"MACD_Cross, Breakout_20, Volume_Spike, ADX_Trend",ADAUSDT,4h,10000,18712.38,8712.38,10.6,87.12,555,155,400,27.93,1.03,1.47,0.4099,76.83,4.37,9562.86,B,Active,53.55,Binance Spot,2019-12-31 to 2026-03-20,2019-12-31,2026-03-20,0.1%,4h,"SL=4.0%, TP=15.0%, TS=1.5%"
127,ADX_Volume_Break,"ADX_Trend, Volume_Spike, Breakout_20, EMA_Cross",XRPUSDT,4h,10000,18620.25,8620.25,10.52,86.2,702,150,552,21.37,1.02,1.53,0.4007,83.74,0.0,10000.0,B,Active,51.09,Binance Spot,2019-12-31 to 2026-03-20,2019-12-31,2026-03-20,0.1%,4h,"SL=2.5%, TP=15.0%, TS=1.0%"
128,VWAP_Momentum_Pro,"VWAP, EMA_Cross, MACD_Cross, Volume_Spike",LINKUSDT,4h,10000,18347.47,8347.47,10.25,83.47,687,202,485,29.4,1.01,1.57,0.4408,78.7,0.33,9967.21,B,Active,52.33,Binance Spot,2019-12-31 to 2026-03-20,2019-12-31,2026-03-20,0.1%,4h,"SL=3.0%, TP=10.0%, TS=2.5%"
129,Volume_EMA_Stochastic_ADX,"Volume_Spike, EMA_Cross, Stochastic, ADX_Trend, Trend_MA50",DOTUSDT,4h,10000,17201.15,7201.15,10.2,72.01,523,92,431,17.59,1.02,1.39,0.4204,75.46,0.0,10000.0,B,Active,44.28,Binance Spot,2020-08-18 to 2026-03-20,2020-08-18,2026-03-20,0.1%,4h,"SL=1.0%, TP=15.0%, TS=1.0%"
130,Breakout_Thermo,"Breakout_20, Volume_Spike, ADX_Trend, Trend_MA50",AVAXUSDT,4h,10000,16632.72,6632.72,9.71,66.33,773,149,624,19.28,1.02,1.53,0.4042,79.85,17.86,8213.89,B,Active,42.5,Binance Spot,2020-09-22 to 2026-03-20,2020-09-22,2026-03-20,0.1%,4h,"SL=1.0%, TP=15.0%, TS=3.0%"
131,MACD_Breakout,"MACD_Cross, Breakout_20, Volume_Spike, ADX_Trend",XRPUSDT,4h,10000,17421.16,7421.16,9.34,74.21,497,153,344,30.78,1.05,1.38,0.3989,67.18,9.32,9068.39,B,Active,49.44,Binance Spot,2019-12-31 to 2026-03-20,2019-12-31,2026-03-20,0.1%,4h,"SL=4.0%, TP=15.0%, TS=1.5%"
132,Volume_Trend_ADX,"Volume_Spike, Trend_MA50, ADX_Trend, EMA_Cross, MACD_Cross",XRPUSDT,4h,10000,16199.01,6199.01,8.07,61.99,402,100,302,24.88,1.02,1.29,0.5738,81.94,0.55,9945.49,B,Active,42.41,Binance Spot,2019-12-31 to 2026-03-20,2019-12-31,2026-03-20,0.1%,4h,"SL=3.0%, TP=15.0%, TS=2.5%"
133,MACD_Breakout,"MACD_Cross, Breakout_20, Volume_Spike, ADX_Trend",BTCUSDT,4h,10000,15094.8,5094.8,6.85,50.95,443,156,287,35.21,1.05,1.32,0.3008,65.91,17.41,8259.44,B,Active,41.49,Binance Spot,2019-12-31 to 2026-03-20,2019-12-31,2026-03-20,0.1%,4h,"SL=4.0%, TP=15.0%, TS=1.5%"
134,Volume_Stochastic_MACD_ADX,"Volume_Spike, Stochastic, MACD_Cross, ADX_Trend, Trend_MA50, Supertrend",LTCUSDT,4h,10000,14837.5,4837.5,6.55,48.38,247,49,198,19.84,1.04,1.09,0.5644,58.03,3.37,9663.34,B,Active,35.68,Binance Spot,2019-12-31 to 2026-03-20,2019-12-31,2026-03-20,0.1%,4h,"SL=4.0%, TP=15.0%, TS=2.0%"
135,MACD_Breakout,"MACD_Cross, Breakout_20, Volume_Spike, ADX_Trend",LTCUSDT,4h,10000,14643.62,4643.62,6.33,46.44,480,161,319,33.54,1.04,1.27,0.3265,44.23,18.3,8169.85,B,Active,40.21,Binance Spot,2019-12-31 to 2026-03-20,2019-12-31,2026-03-20,0.1%,4h,"SL=4.0%, TP=15.0%, TS=1.5%"
136,Breakout_VWAP,"Breakout_20, VWAP, Volume_Spike, MACD_Cross",BTCUSDT,4h,10000,14487.38,4487.38,6.14,44.87,286,53,233,18.53,1.04,1.09,0.4542,81.94,25.51,7448.67,B,Active,33.9,Binance Spot,2019-12-31 to 2026-03-20,2019-12-31,2026-03-20,0.1%,4h,"SL=1.5%, TP=15.0%, TS=2.5%"
137,Ultimate_Entry,"EMA_Cross, MACD_Cross, RSI_Oversold, Supertrend, ADX_Trend, VWAP, Trend_MA50, Volume_Spike",SOLUSDT,4h,10000,13902.15,3902.15,6.05,39.02,763,275,488,36.04,1.02,1.43,0.2907,69.22,64.05,3595.22,B,Active,36.59,Binance Spot,2020-08-11 to 2026-03-20,2020-08-11,2026-03-20,0.1%,4h,"SL=2.0%, TP=5.0%, TS=2.5%"
138,MACD_Trend_Strength,"MACD_Cross, Trend_MA50, ADX_Trend, EMA_Cross, Volume_Spike",DOTUSDT,4h,10000,13829.44,3829.44,5.98,38.29,466,128,338,27.47,1.01,1.22,0.4049,79.3,5.89,9411.27,B,Active,33.68,Binance Spot,2020-08-18 to 2026-03-20,2020-08-18,2026-03-20,0.1%,4h,"SL=3.0%, TP=10.0%, TS=2.5%"
139,High_Profit_Trade,"EMA_Cross, MACD_Cross, ADX_Trend, Supertrend, VWAP, Trend_MA50",AVAXUSDT,4h,10000,13558.58,3558.58,5.7,35.59,435,104,331,23.91,1.01,1.28,0.6077,66.61,53.38,4661.59,B,Active,31.54,Binance Spot,2020-09-22 to 2026-03-20,2020-09-22,2026-03-20,0.1%,4h,"SL=4.0%, TP=15.0%, TS=3.0%"
140,Stochastic_Trend_MACD,"Stochastic, Trend_MA50, MACD_Cross, EMA_Cross, ADX_Trend",AVAXUSDT,4h,10000,13542.92,3542.92,5.68,35.43,685,135,550,19.71,1.01,1.35,0.3331,69.99,47.86,5214.35,B,Active,30.21,Binance Spot,2020-09-22 to 2026-03-20,2020-09-22,2026-03-20,0.1%,4h,"SL=2.5%, TP=10.0%, TS=1.0%"
141,High_Profit_Trade,"EMA_Cross, MACD_Cross, ADX_Trend, Supertrend, VWAP, Trend_MA50",DOTUSDT,4h,10000,13408.36,3408.36,5.39,34.08,342,79,263,23.1,1.01,1.15,0.6013,75.79,5.89,9411.27,B,Active,30.68,Binance Spot,2020-08-18 to 2026-03-20,2020-08-18,2026-03-20,0.1%,4h,"SL=4.0%, TP=15.0%, TS=3.0%"
142,Aggressive_Growth,"EMA_Cross, MACD_Cross, Volume_Spike, Breakout_20, ADX_Trend, VWAP",DOTUSDT,4h,10000,13331.6,3331.6,5.28,33.32,437,100,337,22.88,1.02,1.16,0.3577,84.97,34.76,6523.68,B,Active,30.39,Binance Spot,2020-08-18 to 2026-03-20,2020-08-18,2026-03-20,0.1%,4h,"SL=2.0%, TP=10.0%, TS=1.5%"
143,High_Profit_Trade,"EMA_Cross, MACD_Cross, ADX_Trend, Supertrend, VWAP, Trend_MA50",LINKUSDT,4h,10000,13757.48,3757.48,5.26,37.57,452,105,347,23.23,1.0,1.29,0.5818,91.48,0.33,9967.21,B,Active,32.04,Binance Spot,2019-12-31 to 2026-03-20,2019-12-31,2026-03-20,0.1%,4h,"SL=4.0%, TP=15.0%, TS=3.0%"
144,Volume_Stochastic_MACD_ADX,"Volume_Spike, Stochastic, MACD_Cross, ADX_Trend, Trend_MA50, Supertrend",AVAXUSDT,4h,10000,13114.93,3114.93,5.06,31.15,281,53,228,18.86,1.02,1.03,0.5429,65.26,35.0,6500.16,B,Active,28.37,Binance Spot,2020-09-22 to 2026-03-20,2020-09-22,2026-03-20,0.1%,4h,"SL=4.0%, TP=15.0%, TS=2.0%"
145,EMA_Break_Momentum,"EMA_Cross, Breakout_20, MACD_Cross, ADX_Trend",ADAUSDT,4h,10000,13296.5,3296.5,4.69,32.97,589,140,449,23.77,1.01,1.29,0.3905,88.12,0.12,9987.63,B,Active,30.37,Binance Spot,2019-12-31 to 2026-03-20,2019-12-31,2026-03-20,0.1%,4h,"SL=2.0%, TP=15.0%, TS=2.5%"
146,Ultimate_Entry,"EMA_Cross, MACD_Cross, RSI_Oversold, Supertrend, ADX_Trend, VWAP, Trend_MA50, Volume_Spike",DOTUSDT,4h,10000,12821.06,2821.06,4.55,28.21,442,149,293,33.71,1.02,1.14,0.3006,80.74,10.39,8961.3,B,Active,31.55,Binance Spot,2020-08-18 to 2026-03-20,2020-08-18,2026-03-20,0.1%,4h,"SL=2.0%, TP=5.0%, TS=2.5%"
147,ADX_Volume_Break,"ADX_Trend, Volume_Spike, Breakout_20, EMA_Cross",LTCUSDT,4h,10000,12517.49,2517.49,3.68,25.17,679,147,532,21.65,1.01,1.28,0.3014,74.03,25.27,7472.79,B,Active,26.67,Binance Spot,2019-12-31 to 2026-03-20,2019-12-31,2026-03-20,0.1%,4h,"SL=2.5%, TP=15.0%, TS=1.0%"
148,Aggressive_Entry,"Breakout_20, Volume_Spike, MACD_Cross, ADX_Trend",XRPUSDT,4h,10000,12334.63,2334.63,3.43,23.35,568,129,439,22.71,1.02,1.17,0.275,62.75,25.2,7480.28,B,Active,26.39,Binance Spot,2019-12-31 to 2026-03-20,2019-12-31,2026-03-20,0.1%,4h,"SL=4.0%, TP=15.0%, TS=0.5%"
149,Aggressive_Growth,"EMA_Cross, MACD_Cross, Volume_Spike, Breakout_20, ADX_Trend, VWAP",XRPUSDT,4h,10000,12298.09,2298.09,3.38,22.98,618,132,486,21.36,1.0,1.25,0.3383,91.19,1.88,9811.89,B,Active,25.64,Binance Spot,2019-12-31 to 2026-03-20,2019-12-31,2026-03-20,0.1%,4h,"SL=2.0%, TP=10.0%, TS=1.5%"
150,Aggressive_Entry,"Breakout_20, Volume_Spike, MACD_Cross, ADX_Trend",SOLUSDT,4h,10000,12040.88,2040.88,3.37,20.41,547,118,429,21.57,1.02,1.15,0.2992,71.03,43.48,5652.44,B,Active,24.85,Binance Spot,2020-08-11 to 2026-03-20,2020-08-11,2026-03-20,0.1%,4h,"SL=4.0%, TP=15.0%, TS=0.5%"
151,ADX_Volume_Break,"ADX_Trend, Volume_Spike, Breakout_20, EMA_Cross",DOTUSDT,4h,10000,11597.19,1597.19,2.69,15.97,656,128,528,19.51,1.01,1.23,0.3218,75.98,3.11,9688.81,B,Active,22.3,Binance Spot,2020-08-18 to 2026-03-20,2020-08-18,2026-03-20,0.1%,4h,"SL=2.5%, TP=15.0%, TS=1.0%"
152,Breakout_Thermo,"Breakout_20, Volume_Spike, ADX_Trend, Trend_MA50",ADAUSDT,4h,10000,11736.85,1736.85,2.61,17.37,824,153,671,18.57,1.0,1.37,0.3209,81.79,0.0,10000.0,B,Active,22.56,Binance Spot,2019-12-31 to 2026-03-20,2019-12-31,2026-03-20,0.1%,4h,"SL=1.0%, TP=15.0%, TS=3.0%"
153,Volume_EMA_Stochastic_ADX,"Volume_Spike, EMA_Cross, Stochastic, ADX_Trend, Trend_MA50",ADAUSDT,4h,10000,11594.17,1594.17,2.41,15.94,657,109,548,16.59,1.01,1.24,0.3343,75.09,12.04,8795.97,B,Active,21.42,Binance Spot,2019-12-31 to 2026-03-20,2019-12-31,2026-03-20,0.1%,4h,"SL=1.0%, TP=15.0%, TS=1.0%"
154,Aggressive_Growth,"EMA_Cross, MACD_Cross, Volume_Spike, Breakout_20, ADX_Trend, VWAP",LTCUSDT,4h,10000,11380.13,1380.13,2.1,13.8,415,103,312,24.82,1.01,1.01,0.3095,76.84,2.51,9749.37,B,Active,23.03,Binance Spot,2019-12-31 to 2026-03-20,2019-12-31,2026-03-20,0.1%,4h,"SL=2.0%, TP=10.0%, TS=1.5%"
155,EMA_Break_Momentum,"EMA_Cross, Breakout_20, MACD_Cross, ADX_Trend",AVAXUSDT,4h,10000,11143.79,1143.79,1.99,11.44,573,125,448,21.82,1.0,1.2,0.4011,76.37,62.58,3742.1,B,Active,21.15,Binance Spot,2020-09-22 to 2026-03-20,2020-09-22,2026-03-20,0.1%,4h,"SL=2.0%, TP=15.0%, TS=2.5%"
156,Breakout_VWAP,"Breakout_20, VWAP, Volume_Spike, MACD_Cross",LTCUSDT,4h,10000,11231.96,1231.96,1.89,12.32,218,60,158,27.52,1.01,0.79,0.3729,63.31,3.68,9631.92,B,Active,23.33,Binance Spot,2019-12-31 to 2026-03-20,2019-12-31,2026-03-20,0.1%,4h,"SL=1.5%, TP=15.0%, TS=2.5%"
157,Stochastic_Trend_MACD,"Stochastic, Trend_MA50, MACD_Cross, EMA_Cross, ADX_Trend",ADAUSDT,4h,10000,11224.33,1224.33,1.87,12.24,725,135,590,18.62,1.0,1.24,0.2661,80.07,0.12,9987.63,B,Active,20.52,Binance Spot,2019-12-31 to 2026-03-20,2019-12-31,2026-03-20,0.1%,4h,"SL=2.5%, TP=10.0%, TS=1.0%"
158,Aggressive_Entry,"Breakout_20, Volume_Spike, MACD_Cross, ADX_Trend",BTCUSDT,4h,10000,11064.21,1064.21,1.64,10.64,527,128,399,24.29,1.02,1.09,0.194,56.89,39.11,6088.65,B,Active,21.73,Binance Spot,2019-12-31 to 2026-03-20,2019-12-31,2026-03-20,0.1%,4h,"SL=4.0%, TP=15.0%, TS=0.5%"
159,Ultimate_Entry,"EMA_Cross, MACD_Cross, RSI_Oversold, Supertrend, ADX_Trend, VWAP, Trend_MA50, Volume_Spike",LINKUSDT,4h,10000,11036.11,1036.11,1.6,10.36,778,281,497,36.12,1.0,1.29,0.2377,82.51,4.62,9538.01,B,Active,25.0,Binance Spot,2019-12-31 to 2026-03-20,2019-12-31,2026-03-20,0.1%,4h,"SL=2.0%, TP=5.0%, TS=2.5%"
160,Breakout_VWAP,"Breakout_20, VWAP, Volume_Spike, MACD_Cross",XRPUSDT,4h,10000,10926.07,926.07,1.43,9.26,327,55,272,16.82,1.01,0.9,0.3778,85.48,26.95,7305.35,C,Monitor,18.81,Binance Spot,2019-12-31 to 2026-03-20,2019-12-31,2026-03-20,0.1%,4h,"SL=1.5%, TP=15.0%, TS=2.5%"
161,VWAP_Momentum_Pro,"VWAP, EMA_Cross, MACD_Cross, Volume_Spike",DOTUSDT,4h,10000,10720.9,720.9,1.25,7.21,460,127,333,27.61,1.0,1.04,0.3429,82.16,29.78,7021.54,C,Monitor,21.2,Binance Spot,2020-08-18 to 2026-03-20,2020-08-18,2026-03-20,0.1%,4h,"SL=3.0%, TP=10.0%, TS=2.5%"
162,MACD_Breakout,"MACD_Cross, Breakout_20, Volume_Spike, ADX_Trend",SOLUSDT,4h,10000,10394.34,394.34,0.69,3.94,502,144,358,28.69,1.0,1.04,0.3222,71.96,38.56,6144.33,C,Monitor,20.22,Binance Spot,2020-08-11 to 2026-03-20,2020-08-11,2026-03-20,0.1%,4h,"SL=4.0%, TP=15.0%, TS=1.5%"
163,Breakout_Volume_ADX,"Breakout_20, Volume_Spike, ADX_Trend, Supertrend, VWAP",DOTUSDT,4h,10000,10354.32,354.32,0.63,3.54,509,90,419,17.68,1.0,1.1,0.3898,88.38,47.33,5266.88,C,Monitor,16.74,Binance Spot,2020-08-18 to 2026-03-20,2020-08-18,2026-03-20,0.1%,4h,"SL=1.5%, TP=15.0%, TS=2.5%"
164,Breakout_Hunter,"Breakout_20, Volume_Spike, MACD_Cross, Supertrend",DOTUSDT,4h,10000,9904.27,-95.73,-0.17,-0.96,536,73,463,13.62,1.0,1.03,0.3126,81.76,25.48,7452.41,D,Monitor,13.7,Binance Spot,2020-08-18 to 2026-03-20,2020-08-18,2026-03-20,0.1%,4h,"SL=4.0%, TP=15.0%, TS=1.0%"
165,Breakout_VWAP,"Breakout_20, VWAP, Volume_Spike, MACD_Cross",LINKUSDT,4h,10000,9685.02,-314.98,-0.51,-3.15,395,77,318,19.49,1.0,0.91,0.3575,92.29,11.36,8863.51,D,Monitor,14.58,Binance Spot,2019-12-31 to 2026-03-20,2019-12-31,2026-03-20,0.1%,4h,"SL=1.5%, TP=15.0%, TS=2.5%"
166,Volume_Trend_ADX,"Volume_Spike, Trend_MA50, ADX_Trend, EMA_Cross, MACD_Cross",LTCUSDT,4h,10000,9585.28,-414.72,-0.68,-4.15,402,103,299,25.62,1.0,0.92,0.3513,82.97,21.15,7885.21,D,Monitor,16.01,Binance Spot,2019-12-31 to 2026-03-20,2019-12-31,2026-03-20,0.1%,4h,"SL=3.0%, TP=15.0%, TS=2.5%"
167,VWAP_Momentum_Pro,"VWAP, EMA_Cross, MACD_Cross, Volume_Spike",XRPUSDT,4h,10000,9475.59,-524.41,-0.86,-5.24,593,155,438,26.14,1.0,1.13,0.3493,91.02,50.94,4905.65,D,Monitor,15.73,Binance Spot,2019-12-31 to 2026-03-20,2019-12-31,2026-03-20,0.1%,4h,"SL=3.0%, TP=10.0%, TS=2.5%"
168,MACD_Breakout,"MACD_Cross, Breakout_20, Volume_Spike, ADX_Trend",DOTUSDT,4h,10000,9421.32,-578.68,-1.06,-5.79,472,131,341,27.75,0.99,0.9,0.254,77.86,51.26,4874.01,D,Monitor,15.95,Binance Spot,2020-08-18 to 2026-03-20,2020-08-18,2026-03-20,0.1%,4h,"SL=4.0%, TP=15.0%, TS=1.5%"
169,Breakout_Volume_ADX,"Breakout_20, Volume_Spike, ADX_Trend, Supertrend, VWAP",LTCUSDT,4h,10000,9305.42,-694.58,-1.15,-6.95,479,89,390,18.58,1.0,1.01,0.3699,85.06,6.95,9305.42,D,Monitor,12.78,Binance Spot,2019-12-31 to 2026-03-20,2019-12-31,2026-03-20,0.1%,4h,"SL=1.5%, TP=15.0%, TS=2.5%"
170,Aggressive_Entry,"Breakout_20, Volume_Spike, MACD_Cross, ADX_Trend",LTCUSDT,4h,10000,9206.07,-793.93,-1.32,-7.94,546,132,414,24.18,0.99,0.9,0.1779,52.48,35.03,6496.57,D,Monitor,13.95,Binance Spot,2019-12-31 to 2026-03-20,2019-12-31,2026-03-20,0.1%,4h,"SL=4.0%, TP=15.0%, TS=0.5%"
171,Aggressive_Entry,"Breakout_20, Volume_Spike, MACD_Cross, ADX_Trend",DOTUSDT,4h,10000,9229.99,-770.01,-1.42,-7.7,532,103,429,19.36,0.99,0.91,0.2091,71.89,38.46,6153.79,D,Monitor,12.64,Binance Spot,2020-08-18 to 2026-03-20,2020-08-18,2026-03-20,0.1%,4h,"SL=4.0%, TP=15.0%, TS=0.5%"
172,VWAP_Momentum_Pro,"VWAP, EMA_Cross, MACD_Cross, Volume_Spike",LTCUSDT,4h,10000,8852.37,-1147.63,-1.94,-11.48,464,136,328,29.31,1.0,0.91,0.2891,89.02,11.48,8852.37,D,Monitor,14.17,Binance Spot,2019-12-31 to 2026-03-20,2019-12-31,2026-03-20,0.1%,4h,"SL=3.0%, TP=10.0%, TS=2.5%"
173,Breakout_Thermo,"Breakout_20, Volume_Spike, ADX_Trend, Trend_MA50",DOTUSDT,4h,10000,8702.82,-1297.18,-2.46,-12.97,685,126,559,18.39,0.99,1.08,0.2769,86.49,21.07,7893.11,D,Monitor,10.28,Binance Spot,2020-08-18 to 2026-03-20,2020-08-18,2026-03-20,0.1%,4h,"SL=1.0%, TP=15.0%, TS=3.0%"
174,EMA_Break_Momentum,"EMA_Cross, Breakout_20, MACD_Cross, ADX_Trend",DOTUSDT,4h,10000,8329.21,-1670.79,-3.22,-16.71,505,122,383,24.16,0.99,0.91,0.2994,83.21,21.29,7871.06,D,Monitor,10.5,Binance Spot,2020-08-18 to 2026-03-20,2020-08-18,2026-03-20,0.1%,4h,"SL=2.0%, TP=15.0%, TS=2.5%"
175,ADX_Volume_Break,"ADX_Trend, Volume_Spike, Breakout_20, EMA_Cross",ADAUSDT,4h,10000,8068.39,-1931.61,-3.39,-19.32,820,150,670,18.29,0.99,1.15,0.2698,86.94,20.14,7986.16,D,Monitor,7.71,Binance Spot,2019-12-31 to 2026-03-20,2019-12-31,2026-03-20,0.1%,4h,"SL=2.5%, TP=15.0%, TS=1.0%"
176,Breakout_Hunter,"Breakout_20, Volume_Spike, MACD_Cross, Supertrend",LTCUSDT,4h,10000,7966.26,-2033.74,-3.59,-20.34,508,68,440,13.39,0.99,0.83,0.242,72.98,27.1,7289.87,D,Monitor,5.74,Binance Spot,2019-12-31 to 2026-03-20,2019-12-31,2026-03-20,0.1%,4h,"SL=4.0%, TP=15.0%, TS=1.0%"
177,MACD_Trend_Strength,"MACD_Cross, Trend_MA50, ADX_Trend, EMA_Cross, Volume_Spike",LTCUSDT,4h,10000,7632.51,-2367.49,-4.25,-23.67,462,130,332,28.14,0.99,0.77,0.2377,80.37,23.67,7632.51,D,Monitor,8.87,Binance Spot,2019-12-31 to 2026-03-20,2019-12-31,2026-03-20,0.1%,4h,"SL=3.0%, TP=10.0%, TS=2.5%"
178,High_Profit_Trade,"EMA_Cross, MACD_Cross, ADX_Trend, Supertrend, VWAP, Trend_MA50",SOLUSDT,4h,10000,7732.66,-2267.34,-4.48,-22.67,520,117,403,22.5,0.99,1.06,0.4413,83.47,51.74,4825.9,D,Monitor,7.62,Binance Spot,2020-08-11 to 2026-03-20,2020-08-11,2026-03-20,0.1%,4h,"SL=4.0%, TP=15.0%, TS=3.0%"
179,Aggressive_Growth,"EMA_Cross, MACD_Cross, Volume_Spike, Breakout_20, ADX_Trend, VWAP",LINKUSDT,4h,10000,6902.14,-3097.86,-5.79,-30.98,713,161,552,22.58,0.99,0.97,0.2366,89.64,30.98,6902.14,D,Monitor,4.32,Binance Spot,2019-12-31 to 2026-03-20,2019-12-31,2026-03-20,0.1%,4h,"SL=2.0%, TP=10.0%, TS=1.5%"
180,MACD_Trend_Strength,"MACD_Cross, Trend_MA50, ADX_Trend, EMA_Cross, Volume_Spike",AVAXUSDT,4h,10000,7142.4,-2857.6,-5.95,-28.58,557,148,409,26.57,0.99,0.91,0.2894,74.09,47.58,5242.1,D,Monitor,6.41,Binance Spot,2020-09-22 to 2026-03-20,2020-09-22,2026-03-20,0.1%,4h,"SL=3.0%, TP=10.0%, TS=2.5%"
181,High_Profit_Trade,"EMA_Cross, MACD_Cross, ADX_Trend, Supertrend, VWAP, Trend_MA50",LTCUSDT,4h,10000,6405.77,-3594.23,-6.91,-35.94,331,75,256,22.66,0.98,0.66,0.3322,84.72,35.94,6405.77,D,Monitor,2.26,Binance Spot,2019-12-31 to 2026-03-20,2019-12-31,2026-03-20,0.1%,4h,"SL=4.0%, TP=15.0%, TS=3.0%"
182,Aggressive_Growth,"EMA_Cross, MACD_Cross, Volume_Spike, Breakout_20, ADX_Trend, VWAP",AVAXUSDT,4h,10000,6678.26,-3321.74,-7.09,-33.22,506,115,391,22.73,0.98,0.75,0.2314,74.98,41.83,5817.34,D,Monitor,3.34,Binance Spot,2020-09-22 to 2026-03-20,2020-09-22,2026-03-20,0.1%,4h,"SL=2.0%, TP=10.0%, TS=1.5%"
183,Aggressive_Entry,"Breakout_20, Volume_Spike, MACD_Cross, ADX_Trend",AVAXUSDT,4h,10000,6535.93,-3464.07,-7.45,-34.64,533,111,422,20.83,0.95,0.65,0.1624,76.81,57.71,4229.35,D,Monitor,1.91,Binance Spot,2020-09-22 to 2026-03-20,2020-09-22,2026-03-20,0.1%,4h,"SL=4.0%, TP=15.0%, TS=0.5%"
184,Breakout_Volume_ADX,"Breakout_20, Volume_Spike, ADX_Trend, Supertrend, VWAP",XRPUSDT,4h,10000,5977.72,-4022.28,-7.94,-40.22,636,105,531,16.51,0.99,0.98,0.3314,95.26,55.48,4452.46,D,Monitor,-1.23,Binance Spot,2019-12-31 to 2026-03-20,2019-12-31,2026-03-20,0.1%,4h,"SL=1.5%, TP=15.0%, TS=2.5%"
185,High_Profit_Trade,"EMA_Cross, MACD_Cross, ADX_Trend, Supertrend, VWAP, Trend_MA50",XRPUSDT,4h,10000,5954.88,-4045.12,-8.0,-40.45,373,82,291,21.98,0.99,0.73,0.3647,87.15,40.45,5954.88,D,Monitor,0.27,Binance Spot,2019-12-31 to 2026-03-20,2019-12-31,2026-03-20,0.1%,4h,"SL=4.0%, TP=15.0%, TS=3.0%"
186,Breakout_Volume_Pro,"Breakout_20, Volume_Spike, EMA_Cross",DOTUSDT,4h,10000,5473.81,-4526.19,-10.23,-45.26,797,227,570,28.48,0.97,0.83,0.1722,77.29,50.1,4990.13,D,Monitor,0.14,Binance Spot,2020-08-18 to 2026-03-20,2020-08-18,2026-03-20,0.1%,4h,"SL=3.0%, TP=15.0%, TS=1.5%"
187,EMA_Breakout_Pro,"EMA_Cross, Breakout_20, Volume_Spike",DOTUSDT,4h,10000,5473.81,-4526.19,-10.23,-45.26,797,227,570,28.48,0.97,0.83,0.1722,77.29,50.1,4990.13,D,Monitor,0.14,Binance Spot,2020-08-18 to 2026-03-20,2020-08-18,2026-03-20,0.1%,4h,"SL=5.0%, TP=15.0%, TS=1.5%"
188,Breakout_Volume_Pro,"Breakout_20, Volume_Spike, EMA_Cross",LTCUSDT,4h,10000,5109.26,-4890.74,-10.24,-48.91,859,243,616,28.29,0.98,0.82,0.1549,87.33,50.51,4948.76,D,Monitor,-1.3,Binance Spot,2019-12-31 to 2026-03-20,2019-12-31,2026-03-20,0.1%,4h,"SL=3.0%, TP=15.0%, TS=1.5%"
189,EMA_Breakout_Pro,"EMA_Cross, Breakout_20, Volume_Spike",LTCUSDT,4h,10000,5109.26,-4890.74,-10.24,-48.91,859,243,616,28.29,0.98,0.82,0.1549,87.33,50.51,4948.76,D,Monitor,-1.3,Binance Spot,2019-12-31 to 2026-03-20,2019-12-31,2026-03-20,0.1%,4h,"SL=5.0%, TP=15.0%, TS=1.5%"
190,Breakout_Volume_ADX,"Breakout_20, Volume_Spike, ADX_Trend, Supertrend, VWAP",SOLUSDT,4h,10000,5018.55,-4981.45,-11.58,-49.81,796,143,653,17.96,0.98,1.05,0.3068,91.65,73.39,2660.65,D,Monitor,-4.72,Binance Spot,2020-08-11 to 2026-03-20,2020-08-11,2026-03-20,0.1%,4h,"SL=1.5%, TP=15.0%, TS=2.5%"
191,Breakout_Volume_ADX,"Breakout_20, Volume_Spike, ADX_Trend, Supertrend, VWAP",AVAXUSDT,4h,10000,4980.02,-5019.98,-11.93,-50.2,656,112,544,17.07,0.99,0.88,0.285,95.72,55.4,4460.35,D,Monitor,-5.04,Binance Spot,2020-09-22 to 2026-03-20,2020-09-22,2026-03-20,0.1%,4h,"SL=1.5%, TP=15.0%, TS=2.5%"
192,Breakout_Volume_ADX,"Breakout_20, Volume_Spike, ADX_Trend, Supertrend, VWAP",ADAUSDT,4h,10000,4407.23,-5592.77,-12.35,-55.93,683,116,567,16.98,0.99,0.86,0.2675,97.23,68.92,3108.04,D,Monitor,-7.38,Binance Spot,2019-12-31 to 2026-03-20,2019-12-31,2026-03-20,0.1%,4h,"SL=1.5%, TP=15.0%, TS=2.5%"
193,Stochastic_Trend_MACD,"Stochastic, Trend_MA50, MACD_Cross, EMA_Cross, ADX_Trend",DOTUSDT,4h,10000,4605.79,-5394.21,-12.96,-53.94,592,105,487,17.74,0.98,0.47,0.1114,90.41,57.15,4285.31,D,Monitor,-6.49,Binance Spot,2020-08-18 to 2026-03-20,2020-08-18,2026-03-20,0.1%,4h,"SL=2.5%, TP=10.0%, TS=1.0%"
194,Breakout_Thermo,"Breakout_20, Volume_Spike, ADX_Trend, Trend_MA50",LTCUSDT,4h,10000,4192.96,-5807.04,-13.05,-58.07,697,135,562,19.37,0.97,0.57,0.1304,90.01,58.07,4192.96,D,Monitor,-7.7,Binance Spot,2019-12-31 to 2026-03-20,2019-12-31,2026-03-20,0.1%,4h,"SL=1.0%, TP=15.0%, TS=3.0%"
195,EMA_Break_Momentum,"EMA_Cross, Breakout_20, MACD_Cross, ADX_Trend",LTCUSDT,4h,10000,3827.13,-6172.87,-14.31,-61.73,521,135,386,25.91,0.96,0.37,0.1113,88.77,61.73,3827.13,D,Monitor,-7.32,Binance Spot,2019-12-31 to 2026-03-20,2019-12-31,2026-03-20,0.1%,4h,"SL=2.0%, TP=15.0%, TS=2.5%"
196,MACD_Breakout,"MACD_Cross, Breakout_20, Volume_Spike, ADX_Trend",AVAXUSDT,4h,10000,4209.43,-5790.57,-14.58,-57.91,487,129,358,26.49,0.93,0.35,0.1053,81.22,66.29,3370.81,D,Monitor,-5.95,Binance Spot,2020-09-22 to 2026-03-20,2020-09-22,2026-03-20,0.1%,4h,"SL=4.0%, TP=15.0%, TS=1.5%"
197,Breakout_VWAP,"Breakout_20, VWAP, Volume_Spike, MACD_Cross",AVAXUSDT,4h,10000,3559.67,-6440.33,-17.15,-64.4,240,52,188,21.67,0.88,-0.19,-0.0933,81.36,66.88,3311.83,D,Monitor,-10.44,Binance Spot,2020-09-22 to 2026-03-20,2020-09-22,2026-03-20,0.1%,4h,"SL=1.5%, TP=15.0%, TS=2.5%"
198,Stochastic_Trend_MACD,"Stochastic, Trend_MA50, MACD_Cross, EMA_Cross, ADX_Trend",LTCUSDT,4h,10000,3046.29,-6953.71,-17.4,-69.54,599,110,489,18.36,0.95,0.07,0.0145,88.68,69.54,3046.29,D,Monitor,-12.85,Binance Spot,2019-12-31 to 2026-03-20,2019-12-31,2026-03-20,0.1%,4h,"SL=2.5%, TP=10.0%, TS=1.0%"
199,Breakout_Hunter,"Breakout_20, Volume_Spike, MACD_Cross, Supertrend",AVAXUSDT,4h,10000,2978.0,-7022.0,-19.8,-70.22,586,77,509,13.14,0.94,0.36,0.1072,88.06,73.33,2667.25,D,Monitor,-14.73,Binance Spot,2020-09-22 to 2026-03-20,2020-09-22,2026-03-20,0.1%,4h,"SL=4.0%, TP=15.0%, TS=1.0%"
200,VWAP_Momentum_Pro,"VWAP, EMA_Cross, MACD_Cross, Volume_Spike",AVAXUSDT,4h,10000,2769.66,-7230.34,-20.85,-72.3,548,144,404,26.28,0.93,0.34,0.1086,84.67,73.37,2663.16,D,Monitor,-11.7,Binance Spot,2020-09-22 to 2026-03-20,2020-09-22,2026-03-20,0.1%,4h,"SL=3.0%, TP=10.0%, TS=2.5%"
